City_ID,City,Country,Date,Lat,Lng,Max Temp,Humidity,Cloudiness,Wind Speed
0,Owando,CG,2022-07-14 18:31:02,-0.4819,15.8999,83.08,43,96,1.41
1,Rikitea,PF,2022-07-14 18:31:03,-23.1203,-134.9692,66.42,83,100,7.65
2,Paamiut,GL,2022-07-14 18:31:03,61.994,-49.6678,44.08,87,100,5.3
3,Salalah,OM,2022-07-14 18:28:11,17.0151,54.0924,77.79,92,86,5.28
4,Ostrovnoy,RU,2022-07-14 18:31:03,68.0531,39.5131,61.29,91,100,11.52
5,New Norfolk,AU,2022-07-14 18:31:04,-42.7826,147.0587,43.92,90,94,2.33
6,Ushuaia,AR,2022-07-14 18:31:04,-54.8,-68.3,33.46,75,0,2.3
7,Avarua,CK,2022-07-14 18:31:04,-21.2078,-159.775,73.45,64,100,17.27
8,Mataura,NZ,2022-07-14 18:31:05,-46.1927,168.8643,36.48,99,100,3.38
9,Hami,CN,2022-07-14 18:31:05,42.8,93.45,78.55,21,9,7.11
10,Souillac,MU,2022-07-14 18:31:05,-20.5167,57.5167,70.18,78,75,11.5
11,Jamestown,US,2022-07-14 18:26:37,42.097,-79.2353,76.01,51,20,6.91
12,Kapaa,US,2022-07-14 18:31:06,22.0752,-159.319,80.58,86,75,11.5
13,Severo-Yeniseyskiy,RU,2022-07-14 18:31:06,60.3725,93.0408,44.87,76,94,3.09
14,Victoria,HK,2022-07-14 18:29:35,22.2855,114.1577,86.18,79,98,8.99
15,Kavieng,PG,2022-07-14 18:31:06,-2.5744,150.7967,81.39,78,100,16.28
16,Tuktoyaktuk,CA,2022-07-14 18:31:06,69.4541,-133.0374,39.2,87,100,20.71
17,Whitehorse,CA,2022-07-14 18:31:07,60.7161,-135.0538,54.1,86,100,5.75
18,Krechevitsy,RU,2022-07-14 18:31:07,58.617,31.401,59.11,90,100,4.29
19,Barrow,US,2022-07-14 18:31:07,71.2906,-156.7887,33.82,80,100,9.22
20,Mitsamiouli,KM,2022-07-14 18:31:08,-11.3847,43.2844,77.29,65,20,9.22
21,Vestmannaeyjar,IS,2022-07-14 18:31:08,63.4427,-20.2734,52.79,76,20,12.66
22,Arraial Do Cabo,BR,2022-07-14 18:31:08,-22.9661,-42.0278,78.76,78,0,16.11
23,Fortuna,US,2022-07-14 18:31:08,40.5982,-124.1573,58.93,86,100,1.99
24,Aykhal,RU,2022-07-14 18:31:09,66.0,111.5,51.49,72,100,6.91
25,Mount Gambier,AU,2022-07-14 18:31:09,-37.8333,140.7667,44.51,100,40,9.22
26,Butaritari,KI,2022-07-14 18:31:09,3.0707,172.7902,81.68,81,79,16.91
27,Fecamp,FR,2022-07-14 18:31:10,49.7579,0.3746,67.71,65,5,7.11
28,Port Alfred,ZA,2022-07-14 18:31:10,-33.5906,26.891,58.59,77,2,15.59
29,Filimonovo,RU,2022-07-14 18:31:10,56.2011,95.4611,55.99,62,100,2.08
30,Oistins,BB,2022-07-14 18:31:09,13.0667,-59.5333,87.89,70,40,16.11
31,Santa Cruz,BO,2022-07-14 18:31:11,-17.8,-63.1667,80.06,65,75,28.77
32,Boca Do Acre,BR,2022-07-14 18:31:11,-8.7522,-67.3978,91.62,45,33,2.82
33,Rosarito,MX,2022-07-14 18:31:11,32.3333,-117.0333,81.63,72,16,9.17
34,Lagos,NG,2022-07-14 18:27:18,6.5833,3.75,80.92,86,100,6.42
35,Hermanus,ZA,2022-07-14 18:31:12,-34.4187,19.2345,49.8,82,9,1.45
36,Bilma,NE,2022-07-14 18:31:12,18.6853,12.9164,97.0,14,13,7.99
37,Mar Del Plata,AR,2022-07-14 18:28:00,-38.0023,-57.5575,55.09,93,100,13.8
38,Bougouni,ML,2022-07-14 18:31:13,11.417,-7.479,82.18,61,100,2.64
39,Port Elizabeth,ZA,2022-07-14 18:31:13,-33.918,25.5701,57.49,75,0,10.36
40,Kruisfontein,ZA,2022-07-14 18:31:14,-34.0033,24.7314,51.94,89,19,7.92
41,Wilkie,CA,2022-07-14 18:31:14,52.4168,-108.7014,76.89,36,8,6.55
42,San Cristobal,VE,2022-07-14 18:31:14,7.7669,-72.225,84.38,35,52,5.39
43,Asfi,MA,2022-07-14 18:31:15,32.2994,-9.2372,71.51,83,12,13.56
44,Hobart,AU,2022-07-14 18:31:15,-42.8794,147.3294,44.26,97,100,5.75
45,Punta Arenas,CL,2022-07-14 18:30:06,-53.15,-70.9167,35.62,93,75,4.61
46,Cape Town,ZA,2022-07-14 18:31:15,-33.9258,18.4232,56.12,88,32,4.61
47,Wanaka,NZ,2022-07-14 18:32:16,-44.7,169.15,31.1,89,35,1.01
48,Mahebourg,MU,2022-07-14 18:32:16,-20.4081,57.7,70.25,78,75,11.5
49,Sao Joao Da Barra,BR,2022-07-14 18:32:16,-21.6403,-41.0511,78.89,77,0,12.41
50,East London,ZA,2022-07-14 18:32:17,-33.0153,27.9116,59.94,67,0,10.36
51,Constitucion,CL,2022-07-14 18:32:17,-35.3333,-72.4167,46.42,90,100,12.48
52,Namibe,AO,2022-07-14 18:32:17,-15.1961,12.1522,65.21,88,76,5.03
53,Albany,US,2022-07-14 18:28:02,42.6001,-73.9662,83.57,50,21,3.0
54,Chumikan,RU,2022-07-14 18:32:18,54.7183,135.315,53.42,100,100,4.61
55,Moroni,KM,2022-07-14 18:32:18,-11.7022,43.2551,77.0,65,20,9.22
56,Atuona,PF,2022-07-14 18:32:18,-9.8,-139.0333,78.22,69,0,16.4
57,Ukiah,US,2022-07-14 18:28:24,39.1502,-123.2078,93.43,45,0,1.99
58,Broome,US,2022-07-14 18:32:19,42.2506,-75.833,79.47,57,75,9.22
59,Hokitika,NZ,2022-07-14 18:32:19,-42.7167,170.9667,45.66,72,87,4.23
60,Borogontsy,RU,2022-07-14 18:32:20,62.6683,131.1683,63.82,96,100,5.82
61,Vaini,TO,2022-07-14 18:32:20,-21.2,-175.2,75.36,94,6,8.05
62,Bambous Virieux,MU,2022-07-14 18:32:20,-20.3428,57.7575,70.21,78,75,11.5
63,Longyearbyen,SJ,2022-07-14 18:32:22,78.2186,15.6401,58.84,63,40,10.36
64,Cidreira,BR,2022-07-14 18:32:22,-30.1811,-50.2056,59.49,97,100,15.41
65,Zhigansk,RU,2022-07-14 18:32:22,66.7697,123.3711,53.44,90,100,14.63
66,Puerto Gaitan,CO,2022-07-14 18:32:07,4.3133,-72.0816,80.74,76,90,6.42
67,Lhokseumawe,ID,2022-07-14 18:32:23,5.1801,97.1507,76.95,89,90,6.22
68,Tasiilaq,GL,2022-07-14 18:32:24,65.6145,-37.6368,50.16,70,100,5.75
69,Jackson,US,2022-07-14 18:32:24,42.4165,-122.8345,82.71,45,0,3.44
70,Yellowknife,CA,2022-07-14 18:30:21,62.456,-114.3525,64.92,68,75,8.05
71,Dingle,PH,2022-07-14 18:32:25,10.9995,122.6711,75.6,92,77,1.28
72,Abramovka,RU,2022-07-14 18:32:25,51.1886,41.0202,59.76,87,2,12.73
73,Tevaitoa,PF,2022-07-14 18:32:25,-16.7833,-151.5,77.09,66,100,23.44
74,Yumen,CN,2022-07-14 18:32:25,40.2833,97.2,64.83,73,100,14.03
75,Codrington,AU,2022-07-14 18:32:26,-38.2667,141.9667,43.43,97,37,8.72
76,Pevek,RU,2022-07-14 18:32:26,69.7008,170.3133,34.23,83,5,12.5
77,Pangnirtung,CA,2022-07-14 18:32:26,66.1451,-65.7125,52.86,63,75,3.42
78,Isla Vista,US,2022-07-14 18:32:27,34.4133,-119.861,92.37,54,40,4.61
79,Poum,NC,2022-07-14 18:32:27,-20.2333,164.0167,71.46,56,11,19.39
80,Nampula,MZ,2022-07-14 18:32:27,-15.1165,39.2666,67.95,77,40,8.05
81,Goderich,CA,2022-07-14 18:32:27,43.7501,-81.7165,68.32,73,0,8.05
82,Saint George,US,2022-07-14 18:32:28,37.1041,-113.5841,101.95,21,0,6.91
83,Cherskiy,RU,2022-07-14 18:32:28,68.75,161.3,42.73,63,100,2.55
84,Tutoia,BR,2022-07-14 18:32:28,-2.7619,-42.2744,81.39,76,10,8.63
85,Samfya,ZM,2022-07-14 18:32:29,-11.3649,29.5565,65.28,44,30,8.16
86,Whyalla,AU,2022-07-14 18:32:29,-33.0333,137.5833,48.36,68,0,9.82
87,Puerto Escondido,MX,2022-07-14 18:32:29,15.85,-97.0667,85.03,70,100,11.5
88,Cayenne,GF,2022-07-14 18:30:09,4.9333,-52.3333,84.09,1,99,3.0
89,Salur,IN,2022-07-14 18:32:29,18.5333,83.2167,78.12,83,100,1.16
90,Noumea,NC,2022-07-14 18:32:30,-22.2763,166.4572,70.0,99,52,16.31
91,Inhambane,MZ,2022-07-14 18:32:30,-23.865,35.3833,62.58,82,0,0.0
92,Hatta,IN,2022-07-14 18:32:30,24.1167,79.6,84.76,68,46,6.24
93,Korla,CN,2022-07-14 18:32:30,41.7597,86.1469,74.86,41,23,5.23
94,Biltine,TD,2022-07-14 18:33:31,14.5333,20.9167,78.58,73,100,3.29
95,Guerrero Negro,MX,2022-07-14 18:29:01,27.9769,-114.0611,72.88,61,28,13.44
96,Muros,ES,2022-07-14 18:33:31,42.7762,-9.0603,73.08,73,100,3.6
97,Lugovoy,KZ,2022-07-14 18:33:31,42.9472,72.7644,67.96,32,0,4.65
98,Amaigbo,NG,2022-07-14 18:33:31,5.7892,7.8383,73.9,94,92,4.29
99,Sapele,NG,2022-07-14 18:33:32,5.8941,5.6767,74.1,94,53,3.91
100,Langsa,ID,2022-07-14 18:33:32,4.4683,97.9683,74.43,96,92,2.21
101,La Rochelle,FR,2022-07-14 18:33:32,46.1667,-1.15,75.27,64,0,14.97
102,Comodoro Rivadavia,AR,2022-07-14 18:33:32,-45.8667,-67.5,37.26,81,40,8.05
103,Clyde River,CA,2022-07-14 18:33:33,70.4692,-68.5914,48.43,71,0,9.22
104,Bethanien,NA,2022-07-14 18:33:33,-26.502,17.1583,60.1,25,0,7.16
105,Menongue,AO,2022-07-14 18:33:33,-14.6585,17.691,56.7,43,0,5.41
106,Ponta Delgada,PT,2022-07-14 18:30:37,37.7333,-25.6667,74.12,78,75,12.66
107,Dikson,RU,2022-07-14 18:33:09,73.5069,80.5464,41.14,79,19,10.42
108,Ribeira Grande,PT,2022-07-14 18:33:34,38.5167,-28.7,73.8,83,40,14.97
109,Araouane,ML,2022-07-14 18:33:34,18.9048,-3.5265,104.25,17,82,9.28
110,Georgetown,MY,2022-07-14 18:30:16,5.4112,100.3354,80.89,92,20,3.44
111,Nueva Loja,EC,2022-07-14 18:33:34,0.0847,-76.8828,86.02,62,0,4.61
112,Kaitangata,NZ,2022-07-14 18:33:34,-46.2817,169.8464,39.11,96,100,7.05
113,Hilo,US,2022-07-14 18:33:35,19.7297,-155.09,78.28,88,75,3.0
114,Copiapo,CL,2022-07-14 18:31:58,-27.3667,-70.3333,58.69,46,54,7.52
115,Sarakhs,IR,2022-07-14 18:30:56,36.5449,61.1577,89.74,23,0,4.61
116,Murray Bridge,AU,2022-07-14 18:30:16,-35.1167,139.2667,46.13,83,6,7.05
117,Shiraz,IR,2022-07-14 18:28:38,29.6036,52.5388,83.64,14,0,0.0
118,Adrar,MR,2022-07-14 18:33:35,20.5022,-10.0711,105.06,15,27,10.29
119,Saldanha,ZA,2022-07-14 18:33:35,-33.0117,17.9442,53.65,86,0,10.67
120,Alekseyevsk,RU,2022-07-14 18:33:35,57.8406,108.3492,56.07,84,100,1.88
121,Geraldton,AU,2022-07-14 18:28:53,-28.7667,114.6,61.21,77,40,8.05
122,Busselton,AU,2022-07-14 18:33:36,-33.65,115.3333,58.93,75,60,15.93
123,Chuy,UY,2022-07-14 18:33:36,-33.6971,-53.4616,59.81,87,46,10.67
124,Esperance,AU,2022-07-14 18:33:36,-33.8667,121.9,58.68,84,5,19.95
125,Rocha,UY,2022-07-14 18:33:36,-34.4833,-54.3333,61.65,80,21,10.69
126,Leningradskiy,RU,2022-07-14 18:33:37,69.3833,178.4167,35.82,75,7,11.41
127,Madera,US,2022-07-14 18:33:37,37.1666,-119.8343,102.4,21,59,4.0
128,Ilulissat,GL,2022-07-14 18:32:28,69.2167,-51.1,55.42,47,20,6.91
129,Saskylakh,RU,2022-07-14 18:33:37,71.9167,114.0833,41.2,87,100,7.87
130,Grindavik,IS,2022-07-14 18:33:38,63.8424,-22.4338,52.27,71,75,6.91
131,Bengkulu,ID,2022-07-14 18:33:38,-3.8004,102.2655,76.8,90,100,4.68
132,Hofn,IS,2022-07-14 18:33:38,64.2539,-15.2082,49.84,81,45,6.71
133,Mackay,AU,2022-07-14 18:33:38,-21.15,149.2,53.65,64,50,13.35
134,Port Hedland,AU,2022-07-14 18:33:39,-20.3167,118.5667,53.65,87,65,6.91
135,Samarai,PG,2022-07-14 18:33:39,-10.6167,150.6667,76.05,72,100,19.75
136,Jequie,BR,2022-07-14 18:33:39,-13.8575,-40.0836,74.7,74,51,7.63
137,Pochutla,MX,2022-07-14 18:33:39,15.7432,-96.4661,82.81,58,99,10.47
138,Palana,RU,2022-07-14 18:33:14,59.1167,159.9667,51.67,89,49,3.09
139,Bredasdorp,ZA,2022-07-14 18:33:40,-34.5322,20.0403,51.66,85,18,3.44
140,Lac Du Bonnet,CA,2022-07-14 18:30:16,50.2536,-96.0612,74.1,68,100,7.09
141,Ambon,ID,2022-07-14 18:34:40,-3.6954,128.1814,78.24,15,75,9.22
142,Puerto Ayora,EC,2022-07-14 18:34:40,-0.7393,-90.3518,78.76,87,69,8.99
143,Klaksvik,FO,2022-07-14 18:34:40,62.2266,-6.589,50.92,74,76,14.12
144,Faanui,PF,2022-07-14 18:34:41,-16.4833,-151.75,77.23,71,99,25.7
145,Carnarvon,AU,2022-07-14 18:34:41,-24.8667,113.6333,66.83,81,45,10.63
146,Dunedin,NZ,2022-07-14 18:30:30,-45.8742,170.5036,42.8,79,100,8.01
147,Castro,BR,2022-07-14 18:34:41,-24.7911,-50.0119,71.11,56,40,8.03
148,Okha,RU,2022-07-14 18:34:42,53.5739,142.9478,53.01,96,83,13.02
149,Cockburn Town,TC,2022-07-14 18:34:01,21.4612,-71.1419,81.3,76,100,20.56
150,Hithadhoo,MV,2022-07-14 18:34:42,-0.6,73.0833,83.39,74,100,14.81
151,Harper,LR,2022-07-14 18:34:42,4.375,-7.7169,75.76,80,99,9.17
152,Dharchula,IN,2022-07-14 18:34:43,29.85,80.5333,72.12,84,96,5.64
153,Sinnamary,GF,2022-07-14 18:34:43,5.3833,-52.95,81.23,82,78,6.93
154,Lafia,NG,2022-07-14 18:34:43,8.4833,8.5167,75.22,91,12,3.91
155,Vanderhoof,CA,2022-07-14 18:32:09,54.0166,-124.0198,60.55,62,100,4.88
156,Comarapa,BO,2022-07-14 18:34:43,-17.9,-64.4833,58.28,83,100,8.03
157,San Quintin,MX,2022-07-14 18:34:44,30.4833,-115.95,72.88,66,0,12.8
158,Narrabri,AU,2022-07-14 18:34:44,-30.3167,149.7833,40.51,91,0,1.99
159,San Andres,CO,2022-07-14 18:34:44,12.5847,-81.7006,87.82,74,75,13.8
160,Norman Wells,CA,2022-07-14 18:34:44,65.282,-126.8329,48.24,93,100,10.36
161,Cajati,BR,2022-07-14 18:34:45,-24.7361,-48.1228,75.33,68,24,3.22
162,Margate,GB,2022-07-14 18:34:45,51.3813,1.3862,69.31,74,69,4.0
163,Padang,ID,2022-07-14 18:34:45,-0.9492,100.3543,77.58,85,100,4.52
164,Portland,US,2022-07-14 18:33:36,45.5234,-122.6762,78.49,59,0,8.05
165,Vieques,PR,2022-07-14 18:34:45,18.425,-65.8329,86.02,70,75,16.11
166,Vao,NC,2022-07-14 18:34:46,-22.6667,167.4833,71.62,57,94,24.83
167,Morros,BR,2022-07-14 18:34:46,-9.4467,-46.3003,93.52,26,39,10.22
168,Hervey Bay,AU,2022-07-14 18:34:46,-25.2986,152.8535,55.65,78,13,14.65
169,Bluff,NZ,2022-07-14 18:34:47,-46.6,168.3333,36.81,88,100,11.07
170,Yarada,IN,2022-07-14 18:34:47,17.65,83.2667,82.72,74,75,10.36
171,Krishnarajpet,IN,2022-07-14 18:34:47,12.655,76.4883,68.27,78,100,16.06
172,Cairns,AU,2022-07-14 18:32:04,-16.9167,145.7667,55.06,89,40,9.22
173,Chernyshevskiy,RU,2022-07-14 18:34:47,63.0128,112.4714,60.12,68,100,2.08
174,Duldurga,RU,2022-07-14 18:34:48,50.6761,113.5931,56.64,92,0,2.44
175,Manoel Urbano,BR,2022-07-14 18:34:48,-8.8389,-69.2597,87.46,54,100,2.71
176,Thompson,CA,2022-07-14 18:34:48,55.7435,-97.8558,68.16,94,100,3.44
177,Qaanaaq,GL,2022-07-14 18:34:48,77.484,-69.3632,45.73,80,30,6.89
178,Boyolangu,ID,2022-07-14 18:34:49,-8.1181,111.8935,74.61,94,78,4.43
179,Tilichiki,RU,2022-07-14 18:34:49,60.4667,166.1,59.99,78,0,13.24
180,Beloha,MG,2022-07-14 18:34:49,-25.1667,45.05,63.55,79,0,3.71
181,Basco,PH,2022-07-14 18:34:50,20.4487,121.9702,85.17,76,100,17.74
182,Andenes,NO,2022-07-14 18:34:50,69.3143,16.1194,51.78,93,75,11.5
183,Luderitz,NA,2022-07-14 18:34:50,-26.6481,15.1594,64.42,44,0,11.95
184,Tabou,CI,2022-07-14 18:34:50,4.423,-7.3528,75.83,80,100,8.99
185,Chateaubelair,VC,2022-07-14 18:35:51,13.2833,-61.25,84.72,74,40,6.91
186,Lincoln,US,2022-07-14 18:35:51,40.8,-96.667,90.14,100,4,4.0
187,Alamogordo,US,2022-07-14 18:35:51,32.8995,-105.9603,92.95,35,0,9.22
188,Port-Cartier,CA,2022-07-14 18:35:51,50.0334,-66.8654,70.02,61,99,7.31
189,Natal,BR,2022-07-14 18:32:46,-5.795,-35.2094,81.25,83,75,20.71
190,Bonnyville,CA,2022-07-14 18:35:52,54.2668,-110.735,73.2,56,19,12.21
191,Hobyo,SO,2022-07-14 18:35:52,5.3505,48.5268,78.01,82,100,21.83
192,Yulara,AU,2022-07-14 18:35:52,-25.2406,130.9889,43.61,46,1,8.55
193,Boa Vista,BR,2022-07-14 18:35:53,2.8197,-60.6733,76.98,83,75,6.91
194,Saint-Philippe,RE,2022-07-14 18:35:53,-21.3585,55.7679,69.39,81,85,9.46
195,Muli,MV,2022-07-14 18:35:53,2.9167,73.5667,83.61,74,5,12.73
196,Butembo,CD,2022-07-14 18:35:53,0.15,29.2833,58.62,81,26,3.09
197,Tiksi,RU,2022-07-14 18:35:54,71.6872,128.8694,47.3,87,100,2.44
198,Carutapera,BR,2022-07-14 18:35:54,-1.195,-46.02,81.9,77,74,9.57
199,Westport,US,2022-07-14 18:35:54,41.1415,-73.3579,89.28,57,0,8.05
200,Vanavara,RU,2022-07-14 18:35:54,60.34,102.2797,48.99,93,87,1.43
201,Los Llanos De Aridane,ES,2022-07-14 18:35:55,28.6585,-17.9182,71.35,79,0,14.97
202,Kodiak,US,2022-07-14 18:35:55,57.79,-152.4072,58.51,82,100,3.44
203,Caala,AO,2022-07-14 18:35:55,-12.8525,15.5606,58.69,36,0,3.27
204,Toktogul,KG,2022-07-14 18:35:55,41.8708,72.9402,69.51,51,0,2.95
205,Mahibadhoo,MV,2022-07-14 18:35:56,3.7833,72.9667,83.28,75,9,14.72
206,Kalmunai,LK,2022-07-14 18:35:56,7.4167,81.8167,80.49,65,56,6.76
207,Kidodi,TZ,2022-07-14 18:35:56,-7.6036,37.0044,71.55,70,96,1.07
208,Flin Flon,CA,2022-07-14 18:35:56,54.7682,-101.865,76.84,29,20,16.11
209,Upernavik,GL,2022-07-14 18:35:57,72.7868,-56.1549,40.14,87,14,14.36
210,Ostersund,SE,2022-07-14 18:31:35,63.1792,14.6357,50.61,87,75,19.57
211,Kuching,MY,2022-07-14 18:35:57,1.55,110.3333,75.42,100,20,0.0
212,Saint-Georges,GD,2022-07-14 18:35:57,12.0564,-61.7485,85.68,70,20,20.71
213,Zamosc,PL,2022-07-14 18:35:57,50.7231,23.252,64.22,78,100,1.59
214,Provideniya,RU,2022-07-14 18:35:58,64.3833,-173.3,52.86,60,100,5.7
215,Tura,IN,2022-07-14 18:35:58,25.5198,90.2201,75.2,96,6,4.43
216,Mizan Teferi,ET,2022-07-14 18:35:58,6.9833,35.5833,60.98,92,100,2.77
217,Alofi,NU,2022-07-14 18:35:58,-19.0595,-169.9187,76.89,78,4,10.36
218,Torbay,CA,2022-07-14 18:35:33,47.6666,-52.7314,68.76,73,40,11.5
219,Turukhansk,RU,2022-07-14 18:35:59,65.8167,87.9833,47.25,84,11,5.91
220,Richards Bay,ZA,2022-07-14 18:35:59,-28.783,32.0377,65.01,70,2,7.07
221,Uinskoye,RU,2022-07-14 18:35:59,56.8817,56.5813,64.63,92,95,3.42
222,Fort Nelson,CA,2022-07-14 18:32:09,58.8053,-122.7002,69.39,40,75,12.66
223,Mughal Sarai,IN,2022-07-14 18:36:00,25.3,83.1167,87.87,55,5,11.27
224,Aksarka,RU,2022-07-14 18:36:00,66.5606,67.7975,54.14,85,7,4.54
225,Severo-Kurilsk,RU,2022-07-14 18:36:00,50.6789,156.125,52.97,97,88,9.06
226,Lebu,CL,2022-07-14 18:36:00,-37.6167,-73.65,43.66,86,100,5.21
227,Toshkivka,UA,2022-07-14 18:37:01,48.7791,38.579,65.64,63,80,10.78
228,Vung Tau,VN,2022-07-14 18:37:01,10.346,107.0843,79.29,84,100,14.52
229,Igunga,TZ,2022-07-14 18:37:01,-4.2833,33.8833,76.93,38,100,11.56
230,Loa Janan,ID,2022-07-14 18:37:02,-0.583,117.095,72.07,96,100,1.25
231,Bonavista,CA,2022-07-14 18:37:02,48.6499,-53.1147,56.14,74,70,10.83
232,Mecca,SA,2022-07-14 18:35:58,21.4267,39.8261,91.36,30,99,5.7
233,Maine-Soroa,NE,2022-07-14 18:37:02,13.2114,12.0241,92.91,33,98,8.59
234,Sala,MA,2022-07-14 18:37:03,34.0389,-6.8166,81.28,69,1,9.22
235,Bam,IR,2022-07-14 18:32:30,29.106,58.357,86.2,14,0,9.8
236,Marawi,PH,2022-07-14 18:37:03,7.9986,124.2928,68.58,95,100,1.52
237,Vila Franca Do Campo,PT,2022-07-14 18:37:03,37.7167,-25.4333,73.81,87,100,9.26
238,Nikolskoye,RU,2022-07-14 18:37:04,59.7035,30.7861,60.8,95,96,4.07
239,Barzas,RU,2022-07-14 18:37:04,55.7167,86.3167,53.82,67,100,2.98
240,Solnechnyy,RU,2022-07-14 18:37:04,50.7214,136.6319,63.55,99,86,4.68
241,Stephenville Crossing,CA,2022-07-14 18:32:12,48.5,-58.4318,69.93,49,40,8.05
242,Dumas,US,2022-07-14 18:37:05,35.8656,-101.9732,96.94,21,0,9.22
243,Antsohihy,MG,2022-07-14 18:37:05,-14.8796,47.9875,71.89,58,100,10.8
244,Someshwar,IN,2022-07-14 18:37:05,13.5,75.0667,75.04,88,34,10.29
245,Chokurdakh,RU,2022-07-14 18:37:06,70.6333,147.9167,51.01,56,63,4.52
246,Aljezur,PT,2022-07-14 18:37:06,37.3191,-8.8033,78.96,55,13,4.97
247,Sharya,RU,2022-07-14 18:37:06,58.3686,45.5144,60.33,94,79,4.16
248,Udayagiri,IN,2022-07-14 18:37:07,20.1333,84.3833,71.6,93,100,3.18
249,Buluang,PH,2022-07-14 18:37:07,13.3068,123.3425,77.54,91,48,1.95
250,Lebanon,US,2022-07-14 18:36:59,36.2081,-86.2911,91.45,48,0,5.75
251,Nome,US,2022-07-14 18:37:08,64.5011,-165.4064,57.16,93,100,3.44
252,Pangody,RU,2022-07-14 18:32:20,65.85,74.4859,55.85,60,8,5.37
253,Kamphaeng Phet,TH,2022-07-14 18:37:08,16.25,99.5,76.95,89,100,2.21
254,Yenagoa,NG,2022-07-14 18:37:08,4.9247,6.2642,75.04,89,53,5.17
255,Atasu,KZ,2022-07-14 18:37:08,48.6814,71.6433,73.45,27,1,6.4
256,Morondava,MG,2022-07-14 18:37:09,-20.2833,44.2833,71.17,68,0,13.13
257,Praia,CV,2022-07-14 18:37:09,14.9215,-23.5087,81.14,57,20,16.11
258,Nyurba,RU,2022-07-14 18:37:09,63.2842,118.3319,59.34,95,67,4.07
259,Alice Town,BS,2022-07-14 18:37:10,25.7167,-79.3,84.97,66,2,10.98
260,Ruteng,ID,2022-07-14 18:37:10,-8.6136,120.4721,58.69,90,10,1.19
261,Dongsheng,CN,2022-07-14 18:37:10,39.8161,109.9776,71.62,63,50,7.54
262,Baoshan,CN,2022-07-14 18:33:54,46.5586,131.4244,63.84,97,100,7.65
263,Jawhar,SO,2022-07-14 18:37:11,2.7809,45.5005,76.05,80,14,13.53
264,Lashio,MM,2022-07-14 18:37:11,22.9333,97.75,70.39,97,55,1.12
265,Alice Springs,AU,2022-07-14 18:37:11,-23.7,133.8833,29.75,74,0,0.0
266,Sitka,US,2022-07-14 18:37:12,57.0531,-135.33,62.49,55,75,8.05
267,Annonay,FR,2022-07-14 18:37:12,45.2397,4.6708,91.09,39,1,6.93
268,Progreso,MX,2022-07-14 18:37:13,21.2833,-89.6667,89.71,48,100,10.2
269,San Patricio,US,2022-07-14 18:37:13,28.017,-97.5169,96.89,37,56,15.28
270,Umm Lajj,SA,2022-07-14 18:37:13,25.0213,37.2685,87.96,56,91,5.7
271,Ormara,PK,2022-07-14 18:37:13,25.2088,64.6357,82.18,75,100,18.12
272,Batagay-Alyta,RU,2022-07-14 18:37:14,67.8006,130.4114,60.84,74,96,1.68
273,Cassilandia,BR,2022-07-14 18:37:14,-19.1133,-51.7342,90.68,18,66,11.27
274,Dalby,AU,2022-07-14 18:35:20,-27.1833,151.2667,45.54,76,0,7.76
275,Lokomotivnyy,RU,2022-07-14 18:38:14,53.0118,60.5684,67.95,76,100,3.98
276,Iqaluit,CA,2022-07-14 18:38:15,63.7506,-68.5145,49.73,71,40,5.75
277,Sisimiut,GL,2022-07-14 18:38:15,66.9395,-53.6735,51.04,59,5,20.4
278,Hambantota,LK,2022-07-14 18:38:15,6.1241,81.1185,77.34,100,20,6.91
279,Port-Gentil,GA,2022-07-14 18:38:16,-0.7193,8.7815,75.16,83,100,11.5
280,Ankang,CN,2022-07-14 18:38:16,32.68,109.0172,81.7,83,100,2.15
281,Ust-Nera,RU,2022-07-14 18:38:16,64.5667,143.2,64.29,78,99,3.87
282,Tindwari,IN,2022-07-14 18:38:17,25.6167,80.5333,94.46,45,32,14.38
283,Irbil,IQ,2022-07-14 18:38:17,36.1926,44.0106,94.82,11,0,8.05
284,Kaiwaka,NZ,2022-07-14 18:38:17,-36.1667,174.45,53.69,95,100,4.32
285,Myingyan,MM,2022-07-14 18:38:17,21.4667,95.3833,84.38,68,89,9.15
286,Pauini,BR,2022-07-14 18:38:21,-7.7136,-66.9764,94.05,38,78,3.24
287,Ponta Do Sol,PT,2022-07-14 18:38:22,32.6667,-17.1,77.13,67,35,7.7
288,Kargasok,RU,2022-07-14 18:38:22,59.0556,80.8572,50.41,88,26,2.66
289,Kilindoni,TZ,2022-07-14 18:38:22,-7.9139,39.6668,76.73,77,27,15.79
290,Linhai,CN,2022-07-14 18:38:23,28.85,121.1167,79.07,87,100,2.55
291,Caravelas,BR,2022-07-14 18:38:23,-17.7125,-39.2481,75.83,71,6,7.52
292,Mahon,ES,2022-07-14 18:38:23,39.8885,4.2658,81.16,69,0,6.91
293,Komsomolskiy,UZ,2022-07-14 18:38:23,40.4272,71.7189,79.52,41,0,6.91
294,Marsh Harbour,BS,2022-07-14 18:38:24,26.5412,-77.0636,83.98,62,8,12.57
295,Maun,BW,2022-07-14 18:38:24,-19.9833,23.4167,67.96,30,0,6.91
296,Khatanga,RU,2022-07-14 18:38:24,71.9667,102.5,42.49,90,100,3.44
297,Coquimbo,CL,2022-07-14 18:38:24,-29.9533,-71.3436,55.13,94,100,13.8
298,Corning,US,2022-07-14 18:34:52,42.1428,-77.0547,78.84,54,75,12.66
299,Ust-Kulom,RU,2022-07-14 18:35:14,61.6864,53.6902,63.72,99,97,3.56
300,Kloulklubed,PW,2022-07-14 18:38:25,7.0419,134.2556,73.9,77,98,6.78
301,Zhangye,CN,2022-07-14 18:33:56,38.9342,100.4517,66.9,73,100,3.53
302,Lagoa,PT,2022-07-14 18:38:25,39.05,-27.9833,70.12,91,13,14.43
303,Saint-Denis,FR,2022-07-14 18:38:25,48.9167,2.3333,84.76,37,0,16.11
304,Belaya Gora,RU,2022-07-14 18:38:26,68.5333,146.4167,55.0,68,1,2.64
305,Srednekolymsk,RU,2022-07-14 18:38:26,67.45,153.6833,51.55,44,85,11.18
306,Balykshi,KZ,2022-07-14 18:38:27,47.0667,51.8667,86.0,37,0,6.71
307,Bethel,US,2022-07-14 18:35:39,41.3712,-73.414,86.04,59,75,5.75
308,Santa Rosalia,MX,2022-07-14 18:38:27,27.3167,-112.2833,89.4,51,6,6.02
309,Akyab,MM,2022-07-14 18:38:27,20.15,92.9,81.1,86,84,13.38
310,Dolgorukovo,RU,2022-07-14 18:38:28,52.3195,38.3453,58.23,87,61,8.52
311,Abilene,US,2022-07-14 18:34:19,32.4487,-99.7331,95.22,36,40,17.27
312,Kartaly,RU,2022-07-14 18:38:28,53.0522,60.6467,68.41,76,100,3.58
313,Muana,BR,2022-07-14 18:38:28,-1.5283,-49.2167,88.03,55,83,4.23
314,Mao,ES,2022-07-14 18:38:28,39.8885,4.2658,81.16,69,0,6.91
315,Revelstoke,CA,2022-07-14 18:38:29,50.9832,-118.2023,66.22,59,0,6.91
316,Timbiras,BR,2022-07-14 18:38:29,-4.2553,-43.9406,85.53,58,100,3.91
317,Kailua,US,2022-07-14 18:38:29,21.4022,-157.7394,80.58,89,75,14.97
318,Pisco,PE,2022-07-14 18:38:30,-13.7,-76.2167,66.02,72,0,9.22
319,Cascais,PT,2022-07-14 18:39:30,38.6979,-9.4215,88.95,47,0,6.91
320,Cabo San Lucas,MX,2022-07-14 18:36:50,22.8909,-109.9124,96.1,58,0,8.05
321,Goure,NE,2022-07-14 18:39:30,13.9835,10.2704,92.01,27,69,10.25
322,Igarka,RU,2022-07-14 18:39:30,67.4667,86.5833,51.84,59,72,4.92
323,Nabire,ID,2022-07-14 18:39:31,-3.3667,135.4833,76.24,92,100,3.69
324,Elliot,ZA,2022-07-14 18:39:31,-31.3333,27.85,44.15,57,0,1.68
325,Bairiki,KI,2022-07-14 18:39:31,1.3292,172.9752,80.6,89,20,13.8
326,Kathmandu,NP,2022-07-14 18:38:02,27.7167,85.3167,71.82,88,40,3.44
327,Kamenka,RU,2022-07-14 18:39:32,51.3223,42.7678,58.93,82,31,10.04
328,Berlevag,NO,2022-07-14 18:39:32,70.8578,29.0864,58.8,100,75,16.11
329,Rio Gallegos,AR,2022-07-14 18:39:32,-51.6226,-69.2181,33.85,86,40,5.75
330,Banff,CA,2022-07-14 18:35:35,51.1762,-115.5698,76.23,18,88,10.36
331,Ochamchira,GE,2022-07-14 18:39:32,42.7121,41.4721,69.87,87,100,1.36
332,Tianpeng,CN,2022-07-14 18:39:33,30.9866,103.9393,84.67,91,60,5.19
333,Shimoda,JP,2022-07-14 18:39:33,34.6667,138.95,74.1,92,68,3.27
334,Naze,JP,2022-07-14 18:39:33,28.3667,129.4833,79.72,91,83,8.3
335,Ordzhonikidze,KZ,2022-07-14 18:39:33,52.4411,61.7408,73.13,68,17,2.26
336,Plouzane,FR,2022-07-14 18:39:34,48.3833,-4.6167,68.05,60,0,13.8
337,Burgeo,CA,2022-07-14 18:39:34,47.6167,-57.6152,65.17,72,100,10.29
338,Marzuq,YE,2022-07-14 18:39:34,14.4,46.4667,77.16,55,100,12.84
339,Dodge City,US,2022-07-14 18:39:34,37.7528,-100.0171,100.71,30,0,21.85
340,Talnakh,RU,2022-07-14 18:39:35,69.4865,88.3972,52.21,70,100,2.28
341,Neiafu,TO,2022-07-14 18:39:35,-18.65,-173.9833,77.68,78,20,11.5
342,Beyneu,KZ,2022-07-14 18:39:35,45.3167,55.2,90.61,15,4,18.23
343,Jaen,ES,2022-07-14 18:39:35,38.0,-3.5,98.26,13,88,14.25
344,San Isidro,PE,2022-07-14 18:39:36,-12.1167,-77.05,62.19,72,75,13.8
345,Beian,NO,2022-07-14 18:39:36,63.6559,9.5683,53.01,82,75,18.41
346,Moldava Nad Bodvou,SK,2022-07-14 18:39:36,48.6143,20.9996,82.54,60,0,10.36
347,Chara,RU,2022-07-14 18:39:37,56.9064,118.2631,64.27,83,100,0.13
348,Flinders,AU,2022-07-14 18:39:37,-34.5833,150.8552,45.18,79,0,7.0
349,Pueblo,US,2022-07-14 18:35:11,38.2545,-104.6091,100.56,19,0,9.22
350,Vzmorye,RU,2022-07-14 18:39:37,54.6961,20.2361,62.69,69,100,15.08
351,Skjervoy,NO,2022-07-14 18:39:37,70.0311,20.9714,53.6,91,100,6.58
352,Ambilobe,MG,2022-07-14 18:39:38,-13.2,49.05,68.65,78,81,4.03
353,Karpathos,GR,2022-07-14 18:39:38,35.507,27.2132,73.36,83,20,21.85
354,Palmer,US,2022-07-14 18:39:38,42.1584,-72.3287,83.98,60,75,4.61
355,Ouallam,NE,2022-07-14 18:39:38,14.3188,2.0866,98.71,29,10,3.98
356,Kachug,RU,2022-07-14 18:39:39,53.9606,105.8817,54.73,98,100,5.53
357,Hamilton,US,2022-07-14 18:37:14,39.1834,-84.5333,87.22,48,20,13.8
358,Eureka,US,2022-07-14 18:39:00,40.8021,-124.1637,60.21,81,68,3.0
359,Nanga Eboko,CM,2022-07-14 18:39:39,4.6833,12.3667,68.61,98,79,2.21
360,Eyl,SO,2022-07-14 18:39:39,7.9803,49.8164,80.53,72,98,26.44
361,Tiznit,MA,2022-07-14 18:39:39,29.5833,-9.5,82.49,45,24,3.94
362,Tsiroanomandidy,MG,2022-07-14 18:39:40,-18.7667,46.0333,59.11,56,0,1.52
363,Half Moon Bay,US,2022-07-14 18:39:40,37.4636,-122.4286,83.88,72,100,13.8
364,Vigrestad,NO,2022-07-14 18:39:40,58.5667,5.7,56.89,69,100,26.46
365,Nouadhibou,MR,2022-07-14 18:40:41,20.931,-17.0347,73.38,73,16,19.57
366,Carballo,ES,2022-07-14 18:40:41,43.213,-8.691,89.02,69,100,4.25
367,Enshi,CN,2022-07-14 18:40:41,30.3,109.4833,75.9,90,100,0.38
368,Baker City,US,2022-07-14 18:40:08,44.7749,-117.8344,81.59,31,0,4.61
369,Sheksna,RU,2022-07-14 18:40:41,59.21,38.5107,64.36,82,100,6.62
370,Port Pirie,AU,2022-07-14 18:40:42,-33.1833,138.0167,45.0,71,0,5.23
371,Indianola,US,2022-07-14 18:40:42,41.3581,-93.5574,92.57,50,7,11.77
372,Rio Cuarto,AR,2022-07-14 18:40:17,-33.1307,-64.3499,62.67,41,0,14.97
373,Grand Gaube,MU,2022-07-14 18:40:42,-20.0064,57.6608,70.38,71,39,3.0
374,Lalsk,RU,2022-07-14 18:40:43,60.7415,47.5862,62.73,90,100,5.17
375,Mount Hagen,PG,2022-07-14 18:40:43,-5.8581,144.2274,58.3,99,100,2.44
376,Hasaki,JP,2022-07-14 18:40:43,35.7333,140.8333,73.8,91,100,8.66
377,Marshall,US,2022-07-14 18:40:43,34.3834,-86.3333,90.39,46,40,4.61
378,Veraval,IN,2022-07-14 18:40:11,20.9,70.3667,79.68,93,100,12.82
379,Tessalit,ML,2022-07-14 18:40:44,20.1986,1.0114,100.62,20,1,15.95
380,San Policarpo,PH,2022-07-14 18:40:44,12.1791,125.5072,79.63,86,100,3.04
381,Christiana,ZA,2022-07-14 18:40:44,-27.914,25.1611,54.39,30,0,7.36
382,Jamiltepec,MX,2022-07-14 18:40:44,16.2833,-97.8167,86.56,52,68,9.37
383,Funtua,NG,2022-07-14 18:40:45,11.5233,7.3081,73.62,81,55,10.78
384,Saint-Pierre,RE,2022-07-14 18:40:45,-21.3393,55.4781,68.92,78,75,4.61
385,Fairbanks,US,2022-07-14 18:40:00,64.8378,-147.7164,62.49,47,0,6.91
386,Hua Hin,TH,2022-07-14 18:40:45,12.5707,99.9588,77.81,80,98,6.26
387,Houma,US,2022-07-14 18:40:45,29.5958,-90.7195,93.0,69,75,11.5
388,Nanortalik,GL,2022-07-14 18:40:46,60.1432,-45.2371,48.11,75,100,8.1
389,Smolenka,RU,2022-07-14 18:40:46,52.1352,113.4974,60.87,100,33,4.47
390,Karachi,PK,2022-07-14 18:40:46,24.9056,67.0822,84.02,70,100,5.75
391,Port Hardy,CA,2022-07-14 18:36:01,50.6996,-127.4199,57.38,88,100,4.61
392,Carbonia,IT,2022-07-14 18:40:47,39.1672,8.5222,86.95,78,0,2.57
393,Zhuhai,CN,2022-07-14 18:40:47,22.2769,113.5678,85.86,84,20,11.5
394,Invermere,CA,2022-07-14 18:40:47,50.5167,-116.0354,78.37,28,70,4.23
395,Gat,IL,2022-07-14 18:40:00,31.61,34.7642,79.81,100,0,4.83
396,Soledade,BR,2022-07-14 18:40:47,-28.8183,-52.5103,60.96,93,100,8.25
397,Russell,US,2022-07-14 18:40:48,32.3502,-85.1999,85.12,74,40,4.61
398,Kalmar,SE,2022-07-14 18:40:48,56.6616,16.3616,64.96,66,100,3.0
399,Kotma,IN,2022-07-14 18:40:48,23.2,81.9667,77.27,86,100,6.29
400,Port Lincoln,AU,2022-07-14 18:40:48,-34.7333,135.8667,49.64,67,8,12.44
401,Kahului,US,2022-07-14 18:40:49,20.8947,-156.47,84.22,66,20,18.41
402,Pulaski,US,2022-07-14 18:40:49,34.7668,-92.3001,97.32,40,20,9.22
403,Lahij,YE,2022-07-14 18:40:49,13.1667,44.5833,90.12,40,100,9.53
404,Colac,AU,2022-07-14 18:40:49,-38.3333,143.5833,46.83,97,20,4.54
405,Requena,ES,2022-07-14 18:40:50,39.4883,-1.1004,75.79,38,0,8.72
406,Petropavlovsk-Kamchatskiy,RU,2022-07-14 18:40:50,53.0452,158.6483,54.19,100,100,4.47
407,Rio Grande,BR,2022-07-14 18:40:09,-32.035,-52.0986,57.31,95,99,17.16
408,Qasigiannguit,GL,2022-07-14 18:40:50,68.8193,-51.1922,55.65,50,3,6.51
409,Airai,TL,2022-07-14 18:40:50,-8.9266,125.4092,53.26,86,7,3.13
410,Aban,RU,2022-07-14 18:40:51,56.67,96.06,52.63,71,80,0.92
411,Road Town,VG,2022-07-14 18:40:51,18.4167,-64.6167,86.09,83,40,8.05
412,Diu,IN,2022-07-14 18:41:51,20.7141,70.9822,79.23,95,100,18.95
413,Davidson,US,2022-07-14 18:41:52,36.1501,-86.7833,92.39,42,40,5.75
414,Montepuez,MZ,2022-07-14 18:41:52,-13.1256,38.9997,65.64,62,6,4.68
415,Erenhot,CN,2022-07-14 18:41:52,43.6475,111.9767,76.08,26,97,5.23
416,Lasa,IT,2022-07-14 18:41:52,46.6166,10.7002,79.68,72,34,2.1
417,Kalas,IN,2022-07-14 18:40:09,18.1667,74.8,74.03,85,100,18.59
418,Prichard,US,2022-07-14 18:41:53,30.7388,-88.0789,92.75,62,40,5.75
419,Waddan,LY,2022-07-14 18:41:53,29.1614,16.139,82.06,33,0,21.45
420,Papara,BR,2022-07-14 18:41:53,-3.9839,-38.7273,85.96,62,73,6.24
421,Avera,US,2022-07-14 18:41:53,33.194,-82.5271,85.51,83,100,8.61
422,Tuatapere,NZ,2022-07-14 18:41:54,-46.1333,167.6833,40.46,94,100,2.93
423,Montrose,US,2022-07-14 18:41:54,38.4166,-108.2673,81.81,29,97,9.8
424,Teya,RU,2022-07-14 18:41:54,60.3778,92.6267,48.96,79,100,2.17
425,Sosua,DO,2022-07-14 18:41:54,19.7667,-70.5167,85.91,74,75,13.8
426,Kirakira,SB,2022-07-14 18:41:55,-10.4544,161.9205,77.14,83,7,4.56
427,Altay,CN,2022-07-14 18:41:55,47.8667,88.1167,54.05,52,0,5.41
428,Porohy,UA,2022-07-14 18:41:55,48.6876,24.2632,65.88,59,81,4.18
429,Soyo,AO,2022-07-14 18:41:55,-6.1349,12.3689,71.2,84,9,7.52
430,Sterling,US,2022-07-14 18:41:51,39.0062,-77.4286,89.35,53,40,5.75
431,Opuwo,NA,2022-07-14 18:41:56,-18.0607,13.84,64.17,29,1,8.86
432,Bitung,ID,2022-07-14 18:41:56,1.4451,125.1824,74.25,92,100,5.82
433,Kamaishi,JP,2022-07-14 18:41:56,39.2667,141.8833,68.59,94,100,5.14
434,Aklavik,CA,2022-07-14 18:41:56,68.2191,-135.0107,42.8,81,100,9.22
435,Bukene,TZ,2022-07-14 18:41:57,-4.2333,32.8833,69.49,39,7,0.81
436,Kamien Pomorski,PL,2022-07-14 18:41:57,53.9685,14.7726,64.76,73,39,18.45
437,Cortes,ES,2022-07-14 18:40:10,41.9395,-1.4396,102.25,13,5,17.2
438,Cananeia,BR,2022-07-14 18:41:57,-25.0147,-47.9267,69.22,89,86,8.05
439,Shingu,JP,2022-07-14 18:39:16,33.7333,135.9833,73.72,96,100,1.74
440,Elizabeth City,US,2022-07-14 18:41:32,36.2946,-76.2511,86.02,74,0,6.91
441,Coihaique,CL,2022-07-14 18:41:30,-45.5752,-72.0662,35.55,69,100,2.3
442,Dolores,AR,2022-07-14 18:41:58,-36.3132,-57.6792,53.51,81,67,10.45
443,Yar-Sale,RU,2022-07-14 18:41:58,66.8333,70.8333,56.84,65,100,8.19
444,Dukat,RU,2022-07-14 18:41:58,62.55,155.55,59.18,70,100,6.49
445,Chase,CA,2022-07-14 18:41:58,50.8165,-119.6857,78.08,28,100,2.71
446,Novoseleznevo,RU,2022-07-14 18:41:59,55.6821,69.2056,65.43,91,48,6.24
447,Rudnogorsk,RU,2022-07-14 18:41:59,57.2639,103.7519,49.53,95,100,1.79
448,Nemuro,JP,2022-07-14 18:41:59,43.3236,145.575,59.43,92,100,11.41
449,Narsaq,GL,2022-07-14 18:41:59,60.9167,-46.05,61.02,60,100,3.83
450,Zeya,RU,2022-07-14 18:42:00,53.75,127.2667,62.92,87,99,4.27
451,Dekar,BW,2022-07-14 18:42:00,-21.5333,21.9333,58.05,32,0,7.31
452,Saint-Louis,SN,2022-07-14 18:42:00,16.3333,-15.0,99.03,32,45,10.76
453,Champerico,GT,2022-07-14 18:42:00,14.3,-91.9167,88.34,74,99,8.41
454,Bambanglipuro,ID,2022-07-14 18:42:01,-7.95,110.2833,75.69,91,46,6.4
455,Kiruna,SE,2022-07-14 18:41:13,67.8557,20.2251,54.52,94,100,11.5
456,Baykit,RU,2022-07-14 18:42:01,61.67,96.37,50.94,89,100,0.83
457,Wencheng,CN,2022-07-14 18:42:01,33.0559,113.7978,82.8,86,98,2.06
458,Diego De Almagro,CL,2022-07-14 18:42:02,-26.3667,-70.05,48.85,64,99,7.43
459,Gallup,US,2022-07-14 18:38:48,35.5281,-108.7426,85.84,28,0,4.61
460,Bandarbeyla,SO,2022-07-14 18:43:02,9.4942,50.8122,77.86,82,97,32.55
461,Lompoc,US,2022-07-14 18:43:02,34.6391,-120.4579,84.02,76,20,9.22
462,Tres Arroyos,AR,2022-07-14 18:43:03,-38.3739,-60.2798,54.14,52,100,10.0
463,Radhanpur,IN,2022-07-14 18:43:03,23.8333,71.6,81.23,83,100,14.03
464,Puerto Madero,MX,2022-07-14 18:43:04,14.7208,-92.4215,83.41,73,86,7.87
465,Columbus,US,2022-07-14 18:40:03,39.9612,-82.9988,83.88,57,75,10.36
466,Vostok,RU,2022-07-14 18:43:04,46.4856,135.8833,58.86,92,100,5.06
467,Eldorado,BR,2022-07-14 18:43:04,-23.7869,-54.2836,83.97,35,26,10.4
468,Yatou,CN,2022-07-14 18:43:05,37.15,122.3833,73.29,93,7,2.13
469,Ionia,US,2022-07-14 18:43:05,42.9873,-85.0711,81.01,51,2,4.25
470,Velky Osek,CZ,2022-07-14 18:43:05,50.0987,15.1863,68.61,94,56,1.01
471,Evanston,US,2022-07-14 18:43:06,42.0411,-87.6901,83.41,63,40,11.5
472,Kidal,ML,2022-07-14 18:43:06,18.4411,1.4078,97.7,28,5,8.19
473,Ivankiv,UA,2022-07-14 18:43:07,50.9386,29.8943,63.82,72,1,7.27
474,Mosquera,CO,2022-07-14 18:43:07,4.7059,-74.2302,69.89,37,40,8.05
475,Wahiawa,US,2022-07-14 18:43:07,21.5028,-158.0236,77.32,84,100,0.0
476,Tsaratanana,MG,2022-07-14 18:43:08,-16.7833,47.65,64.62,75,3,7.58
477,Ulaanbaatar,MN,2022-07-14 18:40:43,47.9077,106.8832,60.93,82,40,8.95
478,Magnor,SE,2022-07-14 18:43:09,59.9511,12.1996,52.74,80,100,2.3
479,Sorong,ID,2022-07-14 18:43:10,-0.8833,131.25,76.91,91,100,8.41
480,Sorland,NO,2022-07-14 18:43:10,67.667,12.6934,51.66,86,100,15.9
481,Challans,FR,2022-07-14 18:43:10,46.8436,-1.8749,85.12,24,72,16.87
482,Torit,SS,2022-07-14 18:43:10,4.4133,32.5678,74.08,73,98,1.32
483,Cotonou,BJ,2022-07-14 18:43:11,6.3654,2.4183,78.78,83,20,13.8
484,Liku,ID,2022-07-14 18:43:11,-0.7275,119.8922,72.79,92,100,2.64
485,Belmonte,BR,2022-07-14 18:43:11,-15.8631,-38.8828,76.73,71,39,8.48
486,Montmagny,FR,2022-07-14 18:43:12,48.9734,2.3469,82.9,37,0,14.97
487,Chapadinha,BR,2022-07-14 18:43:12,-3.7417,-43.3603,87.39,51,25,2.53
488,Kibre Mengist,ET,2022-07-14 18:43:12,5.8833,38.9833,62.76,73,100,3.38
489,Gympie,AU,2022-07-14 18:43:13,-26.1898,152.665,45.77,88,0,3.2
490,Lavrentiya,RU,2022-07-14 18:43:13,65.5833,-171.0,48.88,73,100,7.76
491,Aitape,PG,2022-07-14 18:43:13,-3.1374,142.3475,76.46,90,100,3.65
492,Beira,MZ,2022-07-14 18:43:14,-19.8436,34.8389,66.29,88,0,5.75
493,Karimpur,IN,2022-07-14 18:43:14,23.9667,88.6167,81.57,80,35,9.17
494,Aracuai,BR,2022-07-14 18:43:15,-16.8497,-42.0703,80.55,46,88,8.59
495,Kosino,RU,2022-07-14 18:43:15,58.4127,51.2782,64.31,96,100,5.95
496,Tymovskoye,RU,2022-07-14 18:43:15,50.8456,142.655,55.22,96,100,5.44
497,Olafsvik,IS,2022-07-14 18:43:16,64.8945,-23.7142,50.67,73,59,2.8
498,Marakkanam,IN,2022-07-14 18:43:16,12.2,79.95,84.56,55,100,18.81
499,Nileshwar,IN,2022-07-14 18:43:16,12.25,75.1,79.57,81,100,15.01
500,Pilar,BR,2022-07-14 18:43:17,-9.5972,-35.9567,78.73,80,9,8.23
501,Stornoway,GB,2022-07-14 18:43:17,58.2093,-6.3865,57.92,83,75,9.22
502,Mildura,AU,2022-07-14 18:43:18,-34.2,142.15,40.06,82,1,5.17
503,Dwarka,IN,2022-07-14 18:44:18,22.2394,68.9678,81.99,85,100,2.77
504,Pemba,MZ,2022-07-14 18:44:19,-12.974,40.5178,75.9,83,75,13.8
505,Bokoro,TD,2022-07-14 18:44:19,12.3807,17.0568,84.79,55,77,4.61
506,Leh,IN,2022-07-14 18:41:34,34.1667,77.5833,59.4,65,100,6.93
507,Sonsonate,SV,2022-07-14 18:44:19,13.7189,-89.7242,87.15,54,98,3.44
508,Vila Velha,BR,2022-07-14 18:44:19,-20.3297,-40.2925,71.55,93,75,9.22
509,Mount Isa,AU,2022-07-14 18:44:20,-20.7333,139.5,47.97,46,16,4.61
510,Umm Kaddadah,SD,2022-07-14 18:44:20,13.6017,26.6876,87.75,44,75,15.12
511,Moron,AR,2022-07-14 18:44:21,-34.6534,-58.6198,57.96,80,100,6.2
512,Tautira,PF,2022-07-14 18:44:21,-17.7333,-149.15,75.6,69,93,22.5
513,Golden,US,2022-07-14 18:44:21,39.7555,-105.2211,96.58,26,40,9.22
514,Haines Junction,CA,2022-07-14 18:44:19,60.7522,-137.5108,51.75,71,100,2.3
515,Kutum,SD,2022-07-14 18:44:21,14.2,24.6667,81.16,48,89,8.95
516,Saint-Augustin,CA,2022-07-14 18:44:22,51.226,-58.6502,71.08,40,86,8.63
517,Kununurra,AU,2022-07-14 18:44:22,-15.7667,128.7333,58.98,31,66,6.91
518,Hovd,MN,2022-07-14 18:44:23,48.0056,91.6419,53.78,56,54,1.3
519,Ca Mau,VN,2022-07-14 18:44:23,9.1769,105.15,76.44,90,98,5.32
520,Ventspils,LV,2022-07-14 18:44:23,57.3894,21.5606,62.53,82,0,8.05
521,Batemans Bay,AU,2022-07-14 18:44:24,-35.7167,150.1833,40.35,80,1,5.53
522,Sao Paulo De Olivenca,BR,2022-07-14 18:44:24,-3.3783,-68.8725,84.67,72,76,2.89
523,Grand-Santi,GF,2022-07-14 18:44:24,4.25,-54.3833,82.38,90,92,2.73
524,Talavera,PH,2022-07-14 18:44:24,15.6167,120.9333,76.75,92,97,1.95
525,Olinda,BR,2022-07-14 18:44:25,-8.0089,-34.8553,80.33,65,40,17.27
526,Key West,US,2022-07-14 18:44:25,24.5557,-81.7826,86.0,76,40,18.41
527,Nelson Bay,AU,2022-07-14 18:41:21,-32.7167,152.15,51.01,85,70,10.0
528,Mount Darwin,ZW,2022-07-14 18:44:25,-16.7725,31.5838,58.15,50,6,2.64
529,Saint Anthony,US,2022-07-14 18:44:26,45.0205,-93.218,86.85,52,0,11.5
530,Kindu,CD,2022-07-14 18:44:26,-2.95,25.95,78.89,55,95,2.26
531,Indian Harbour Beach,US,2022-07-14 18:44:26,28.1489,-80.5884,95.07,65,0,11.5
532,Ayan,RU,2022-07-14 18:44:27,56.45,138.1667,59.58,96,100,3.02
533,Ipubi,BR,2022-07-14 18:44:27,-7.6519,-40.1489,83.37,36,0,9.48
534,Neuquen,AR,2022-07-14 18:44:27,-38.9516,-68.0591,40.89,87,0,4.61
535,Villa Carlos Paz,AR,2022-07-14 18:44:27,-31.4241,-64.4978,66.06,35,0,10.65
536,Coos Bay,US,2022-07-14 18:40:13,43.3665,-124.2179,70.0,83,0,14.97
537,Safaga,EG,2022-07-14 18:44:28,26.7292,33.9365,89.06,30,2,14.07
538,Chegdomyn,RU,2022-07-14 18:44:28,51.1167,133.0167,59.74,96,7,1.83
539,Guarenas,VE,2022-07-14 18:44:28,10.4674,-66.6066,81.16,67,60,4.63
540,Antofagasta,CL,2022-07-14 18:42:24,-23.65,-70.4,61.88,67,35,7.67
541,Nurota,UZ,2022-07-14 18:44:28,40.5614,65.6886,80.71,18,0,8.63
542,Arkhangelsk,RU,2022-07-14 18:44:29,64.5401,40.5433,69.91,73,40,2.24
543,Eyemouth,GB,2022-07-14 18:44:29,55.8713,-2.0901,64.81,75,96,7.78
544,Bela,IN,2022-07-14 18:44:29,25.9333,81.9833,91.18,51,23,10.69
545,Olbia,IT,2022-07-14 18:44:30,40.9214,9.4856,84.25,54,0,4.61
546,Mchinji,MW,2022-07-14 18:44:30,-13.7984,32.8802,63.46,52,78,6.13
547,Juneau,US,2022-07-14 18:45:30,58.3019,-134.4197,64.85,84,75,8.05
548,Port Blair,IN,2022-07-14 18:45:31,11.6667,92.75,80.64,89,100,8.05
549,Kotaparh,IN,2022-07-14 18:45:31,19.15,82.35,70.74,97,100,7.09
550,Bonfim,BR,2022-07-14 18:45:31,3.0833,-59.95,78.75,71,95,5.14
551,Itarema,BR,2022-07-14 18:45:31,-2.9248,-39.9167,82.2,71,26,16.87
552,West Bay,KY,2022-07-14 18:45:32,19.3667,-81.4167,89.67,62,20,6.91
553,Asau,RO,2022-07-14 18:45:32,46.4333,26.4,72.52,66,98,4.94
554,Kismayo,SO,2022-07-14 18:45:32,-0.3582,42.5454,76.17,88,40,18.07
555,Keetmanshoop,NA,2022-07-14 18:43:19,-26.5833,18.1333,61.21,22,0,7.18
556,Mayumba,GA,2022-07-14 18:45:33,-3.432,10.6554,70.18,91,1,6.4
557,Grajau,BR,2022-07-14 18:45:33,-5.8194,-46.1386,96.55,28,81,8.25
558,Chesterville,US,2022-07-14 18:45:33,44.5512,-70.0862,81.99,62,100,6.89
559,Praya,CV,2022-07-14 18:44:21,14.9215,-23.5087,81.14,57,20,16.11
560,Alvorada,BR,2022-07-14 18:44:34,-12.48,-49.1247,94.05,23,10,6.87
561,Salinas,US,2022-07-14 18:42:04,36.6777,-121.6555,74.01,71,40,9.22
562,Laguna,US,2022-07-14 18:45:34,38.421,-121.4238,94.08,47,0,6.91
563,Puerto Ayacucho,VE,2022-07-14 18:45:34,5.6639,-67.6236,85.24,72,65,5.23
564,Sao Filipe,CV,2022-07-14 18:45:34,14.8961,-24.4956,76.01,73,8,13.49
565,Sioux Lookout,CA,2022-07-14 18:45:34,50.1001,-91.917,77.07,50,75,11.5
566,Pacific Grove,US,2022-07-14 18:44:07,36.6177,-121.9166,71.22,87,100,11.01
567,Canutama,BR,2022-07-14 18:45:35,-6.5339,-64.3831,91.45,44,97,2.66
568,Lorengau,PG,2022-07-14 18:45:35,-2.0226,147.2712,79.74,80,100,2.89
569,Kaifeng,CN,2022-07-14 18:45:35,34.7911,114.3483,81.14,83,28,3.94
570,Quelimane,MZ,2022-07-14 18:45:35,-17.8786,36.8883,69.75,83,0,4.61
571,Killybegs,IE,2022-07-14 18:45:36,54.6333,-8.45,60.51,91,100,11.34
572,Rorvik,NO,2022-07-14 18:45:36,64.8621,11.2373,50.11,81,75,12.66
573,Zhanaozen,KZ,2022-07-14 18:45:36,43.3,52.8,90.28,21,36,10.67
574,Bloomfield,US,2022-07-14 18:45:36,40.8068,-74.1854,91.96,44,0,5.75
575,Baykalsk,RU,2022-07-14 18:45:37,51.5058,104.1469,53.1,86,31,7.99
576,Mostre,BA,2022-07-14 18:45:37,44.0229,18.1353,77.99,59,35,0.47
577,Katsuura,JP,2022-07-14 18:45:37,35.1333,140.3,74.75,94,100,6.49
578,Pacifica,US,2022-07-14 18:43:31,37.6138,-122.4869,81.64,85,20,13.8
579,Monticello,US,2022-07-14 18:45:38,45.3055,-93.7941,86.58,49,20,9.22
580,Mabaruma,GY,2022-07-14 18:45:38,8.2,-59.7833,84.2,79,40,6.91
581,Mantena,BR,2022-07-14 18:45:38,-18.7817,-40.9803,73.72,72,99,8.25
